sample,chrom,pos,ref,alt,qual,depth,ref_depth,alt_depth,vaf,bin,region,gene_name,gene_type
sample1,3,12641874,T,C,21.3612,23,13,10,0.43478260869565216,12641000,chr3:12641000-12641999,RAF1,protein_coding
sample1,8,38271501,G,C,167.416,36,0,36,1.0,38271000,chr8:38271000-38271999,FGFR1,protein_coding
sample1,8,38271502,T,G,167.416,36,0,36,1.0,38271000,chr8:38271000-38271999,FGFR1,protein_coding
sample2,19,34890322,G,A,93.4151,21,0,21,1.0,34890000,chr19:34890000-34890999,GPI,protein_coding
sample2,19,34890322,G,A,93.4151,21,0,21,1.0,34890000,chr19:34890000-34890999,RP11-618P17.4,protein_coding
sample2,19,41762525,A,G,113.361,242,108,132,0.55,41762000,chr19:41762000-41762999,AXL,protein_coding
sample2,19,41762670,T,C,30.2709,18,7,10,0.5882352941176471,41762000,chr19:41762000-41762999,AXL,protein_coding
sample2,19,41762699,TA,T,27.2751,16,7,9,0.5625,41762000,chr19:41762000-41762999,AXL,protein_coding
sample2,3,12641425,T,C,21.332,26,15,11,0.4230769230769231,12641000,chr3:12641000-12641999,RAF1,protein_coding
sample2,3,12641518,A,G,62.4147,14,0,14,1.0,12641000,chr3:12641000-12641999,RAF1,protein_coding
sample2,3,128525253,C,T,121.405,247,123,124,0.5020242914979757,128525000,chr3:128525000-128525999,RAB7A,protein_coding
sample2,7,55242609,A,G,27.9107,12,4,8,0.6666666666666666,55242000,chr7:55242000-55242999,EGFR,protein_coding
sample2,8,38271501,G,C,228.357,249,4,245,0.9839357429718876,38271000,chr8:38271000-38271999,FGFR1,protein_coding
sample2,8,38271502,T,G,228.379,249,3,245,0.9879032258064516,38271000,chr8:38271000-38271999,FGFR1,protein_coding
sample3,11,69456491,T,G,31.2714,18,1,6,0.8571428571428571,69456000,chr11:69456000-69456999,CCND1,protein_coding
sample3,7,116312439,C,G,56.4147,46,0,46,1.0,116312000,chr7:116312000-116312999,MET,protein_coding
sample3,8,38271501,G,C,191.421,171,0,166,1.0,38271000,chr8:38271000-38271999,FGFR1,protein_coding
sample3,8,38271502,T,G,192.416,171,0,167,1.0,38271000,chr8:38271000-38271999,FGFR1,protein_coding
