chrom,pos,ref,alt,gene_name,n_samples,samples,max_depth,mean_depth,max_qual,mean_qual,mean_vaf
8,38271502,T,G,FGFR1,3,"sample1, sample2, sample3",249,152.0,228.379,196.07033333333334,0.9959677419354839
8,38271501,G,C,FGFR1,3,"sample1, sample2, sample3",249,152.0,228.357,195.7313333333333,0.9946452476572958
3,128525253,C,T,RAB7A,1,sample2,247,247.0,121.405,121.405,0.5020242914979757
19,41762525,A,G,AXL,1,sample2,242,242.0,113.361,113.361,0.55
7,116312439,C,G,MET,1,sample3,46,46.0,56.4147,56.4147,1.0
3,12641425,T,C,RAF1,1,sample2,26,26.0,21.332,21.332,0.4230769230769231
3,12641874,T,C,RAF1,1,sample1,23,23.0,21.3612,21.3612,0.43478260869565216
19,34890322,G,A,GPI,1,sample2,21,21.0,93.4151,93.4151,1.0
19,34890322,G,A,RP11-618P17.4,1,sample2,21,21.0,93.4151,93.4151,1.0
11,69456491,T,G,CCND1,1,sample3,18,18.0,31.2714,31.2714,0.8571428571428571
19,41762670,T,C,AXL,1,sample2,18,18.0,30.2709,30.2709,0.5882352941176471
19,41762699,TA,T,AXL,1,sample2,16,16.0,27.2751,27.2751,0.5625
3,12641518,A,G,RAF1,1,sample2,14,14.0,62.4147,62.4147,1.0
7,55242609,A,G,EGFR,1,sample2,12,12.0,27.9107,27.9107,0.6666666666666666
