sample,chrom,bin,n_softclipped_reads,median_softclip,max_softclip,region
sample1,GL000220.1,113000,681,21.0,38,chrGL000220.1:113000
sample1,GL000220.1,157000,670,21.0,38,chrGL000220.1:157000
sample1,11,69456000,544,21.0,51,chr11:69456000
sample1,11,69457000,460,21.0,51,chr11:69457000
sample1,GL000220.1,109000,453,21.0,48,chrGL000220.1:109000
sample1,4,25665000,443,43.0,48,chr4:25665000
sample1,GL000220.1,153000,418,21.0,48,chrGL000220.1:153000
sample1,GL000220.1,110000,401,21.0,51,chrGL000220.1:110000
sample1,19,34890000,355,21.0,44,chr19:34890000
sample1,GL000220.1,154000,344,21.0,51,chrGL000220.1:154000
sample1,10,61665000,307,35.0,43,chr10:61665000
sample1,19,41754000,293,21.0,52,chr19:41754000
sample1,12,52636000,289,20.0,46,chr12:52636000
sample1,2,42522000,264,47.0,47,chr2:42522000
sample1,GL000220.1,117000,259,21.0,48,chrGL000220.1:117000
sample1,GL000220.1,115000,240,21.0,50,chrGL000220.1:115000
sample1,GL000220.1,158000,236,21.0,50,chrGL000220.1:158000
sample1,19,41758000,235,21.0,49,chr19:41758000
sample1,GL000220.1,114000,235,21.0,44,chrGL000220.1:114000
sample1,GL000220.1,159000,233,21.0,48,chrGL000220.1:159000
sample1,19,41765000,208,20.0,48,chr19:41765000
sample1,21,9827000,191,21.0,40,chr21:9827000
sample1,GL000220.1,161000,186,21.0,48,chrGL000220.1:161000
sample1,19,41727000,174,21.5,56,chr19:41727000
sample1,7,116340000,145,27.0,48,chr7:116340000
sample1,7,116335000,140,30.0,42,chr7:116335000
sample1,11,69458000,139,21.0,48,chr11:69458000
sample1,11,534000,136,21.0,50,chr11:534000
sample1,6,117650000,126,19.0,23,chr6:117650000
sample1,17,33478000,121,19.0,20,chr17:33478000
sample1,19,41762000,121,22.0,41,chr19:41762000
sample1,20,57484000,121,20.0,51,chr20:57484000
sample1,7,116411000,119,20.0,36,chr7:116411000
sample1,19,41763000,117,21.0,45,chr19:41763000
sample1,2,29446000,111,23.0,42,chr2:29446000
sample1,11,533000,99,19.0,41,chr11:533000
sample1,19,41745000,94,25.0,51,chr19:41745000
sample1,3,128525000,94,19.0,50,chr3:128525000
sample1,12,52629000,93,21.0,44,chr12:52629000
sample1,7,116312000,86,21.0,48,chr7:116312000
sample1,7,116415000,79,21.0,45,chr7:116415000
sample1,12,52639000,78,17.0,56,chr12:52639000
sample1,7,116380000,78,20.0,39,chr7:116380000
sample1,10,43612000,68,18.0,41,chr10:43612000
sample1,2,33141000,68,28.0,43,chr2:33141000
sample1,9,35059000,67,20.0,41,chr9:35059000
sample1,7,116409000,63,29.0,42,chr7:116409000
sample1,7,55242000,60,19.5,45,chr7:55242000
sample1,19,59063000,56,21.0,46,chr19:59063000
sample1,7,116381000,56,19.0,32,chr7:116381000
sample1,7,116435000,51,20.0,52,chr7:116435000
sample1,15,66727000,50,21.0,42,chr15:66727000
sample1,10,61638000,49,23.0,23,chr10:61638000
sample1,11,69462000,47,21.0,46,chr11:69462000
sample1,15,90631000,45,21.0,50,chr15:90631000
sample1,12,20704000,43,21.0,40,chr12:20704000
sample1,7,55241000,42,19.5,39,chr7:55241000
sample1,8,70602000,42,21.0,41,chr8:70602000
sample1,7,116371000,39,21.0,35,chr7:116371000
sample1,14,105246000,36,20.5,39,chr14:105246000
sample1,3,12641000,36,23.5,52,chr3:12641000
sample1,1,91852000,35,21.0,48,chr1:91852000
sample1,15,66729000,35,21.0,44,chr15:66729000
sample1,GL000220.1,116000,34,21.0,39,chrGL000220.1:116000
sample1,11,69455000,33,25.0,45,chr11:69455000
sample1,3,41266000,33,21.0,45,chr3:41266000
sample1,2,29445000,32,19.0,45,chr2:29445000
sample1,7,116339000,30,24.5,36,chr7:116339000
sample1,7,140477000,30,21.0,35,chr7:140477000
sample1,7,55249000,28,21.0,43,chr7:55249000
sample1,17,37880000,27,20.0,37,chr17:37880000
sample1,GL000220.1,160000,27,21.0,39,chrGL000220.1:160000
sample1,7,140482000,26,22.0,42,chr7:140482000
sample1,8,38271000,26,23.5,43,chr8:38271000
sample1,3,12645000,24,20.0,36,chr3:12645000
sample1,6,117642000,24,21.0,28,chr6:117642000
sample1,7,140494000,24,19.5,37,chr7:140494000
sample1,1,115256000,23,20.0,25,chr1:115256000
sample1,7,116417000,23,21.0,42,chr7:116417000
sample1,12,52635000,21,17.0,51,chr12:52635000
sample1,7,55259000,21,21.0,32,chr7:55259000
sample1,8,38277000,21,18.0,24,chr8:38277000
sample1,3,12650000,20,21.0,42,chr3:12650000
sample1,7,140481000,20,19.5,32,chr7:140481000
sample1,12,52631000,19,27.0,42,chr12:52631000
sample1,2,43712000,19,21.0,41,chr2:43712000
sample1,12,25398000,18,19.5,37,chr12:25398000
sample1,17,37881000,18,20.0,26,chr17:37881000
sample1,2,43655000,18,22.0,41,chr2:43655000
sample1,4,1805000,18,20.5,33,chr4:1805000
sample1,4,1806000,18,21.0,34,chr4:1806000
sample1,6,117647000,18,25.0,43,chr6:117647000
sample1,6,144508000,18,15.0,15,chr6:144508000
sample1,GL000220.1,118000,18,21.0,23,chrGL000220.1:118000
sample1,8,38315000,17,20.0,41,chr8:38315000
sample1,3,12353000,16,36.5,45,chr3:12353000
sample1,3,12633000,16,21.0,32,chr3:12633000
sample1,7,116436000,15,31.0,43,chr7:116436000
sample1,3,12434000,14,21.0,33,chr3:12434000
sample1,7,140500000,14,20.5,42,chr7:140500000
sample1,GL000220.1,112000,14,19.5,43,chrGL000220.1:112000
sample1,GL000220.1,156000,14,19.5,43,chrGL000220.1:156000
sample1,10,123353000,13,20.0,33,chr10:123353000
sample1,19,41725000,13,17.0,36,chr19:41725000
sample1,2,29443000,13,21.0,22,chr2:29443000
sample1,2,43625000,13,32.0,39,chr2:43625000
sample1,2,209110000,13,16.0,24,chr2:209110000
sample1,7,116395000,13,23.0,34,chr7:116395000
sample1,1,115258000,12,21.0,29,chr1:115258000
sample1,19,41736000,12,19.5,29,chr19:41736000
sample1,6,117641000,12,21.0,40,chr6:117641000
sample1,8,127570000,12,16.0,16,chr8:127570000
sample1,3,12647000,11,20.0,23,chr3:12647000
sample1,6,117639000,11,24.0,29,chr6:117639000
sample1,7,55220000,11,21.0,43,chr7:55220000
sample1,7,140487000,11,20.0,42,chr7:140487000
sample1,MT,1000,11,32.0,46,chrMT:1000
sample1,MT,2000,11,25.0,25,chrMT:2000
sample1,12,66451000,10,29.5,39,chr12:66451000
sample1,19,34887000,10,38.5,40,chr19:34887000
sample1,19,41744000,10,31.0,53,chr19:41744000
sample1,19,41748000,10,23.0,44,chr19:41748000
sample1,3,12632000,10,21.5,50,chr3:12632000
sample1,8,38282000,10,29.0,35,chr8:38282000
sample1,2,29436000,9,35.0,35,chr2:29436000
sample1,3,12447000,9,21.0,27,chr3:12447000
sample1,3,128516000,9,19.0,21,chr3:128516000
sample1,11,69466000,8,26.0,37,chr11:69466000
sample1,11,72000000,8,16.0,16,chr11:72000000
sample1,12,25380000,8,15.5,25,chr12:25380000
sample1,12,52632000,8,22.0,41,chr12:52632000
sample1,20,57480000,8,20.5,150,chr20:57480000
sample1,3,128514000,8,28.0,51,chr3:128514000
sample1,7,116412000,8,18.0,29,chr7:116412000
sample1,8,38273000,8,21.0,26,chr8:38273000
sample1,9,35057000,8,19.5,21,chr9:35057000
sample1,12,25378000,7,20.0,22,chr12:25378000
sample1,19,41749000,7,26.0,39,chr19:41749000
sample1,19,41759000,7,23.0,35,chr19:41759000
sample1,3,12421000,7,25.0,38,chr3:12421000
sample1,4,1808000,7,18.0,22,chr4:1808000
sample1,7,140453000,7,31.0,42,chr7:140453000
sample1,7,140508000,7,42.0,42,chr7:140508000
sample1,8,129088000,7,15.0,15,chr8:129088000
sample1,10,43611000,6,22.5,37,chr10:43611000
sample1,10,43615000,6,19.0,25,chr10:43615000
sample1,10,123274000,6,29.5,36,chr10:123274000
sample1,12,52642000,6,28.0,33,chr12:52642000
sample1,19,41726000,6,33.0,40,chr19:41726000
sample1,19,41743000,6,30.5,36,chr19:41743000
sample1,2,43560000,6,17.0,20,chr2:43560000
sample1,2,209113000,6,28.5,47,chr2:209113000
sample1,20,3194000,6,15.0,18,chr20:3194000
sample1,7,55221000,6,29.0,40,chr7:55221000
sample1,7,116423000,6,23.0,39,chr7:116423000
sample1,8,32453000,6,33.0,33,chr8:32453000
sample1,GL000220.1,111000,6,20.0,33,chrGL000220.1:111000
sample1,1,156845000,5,35.0,35,chr1:156845000
sample1,11,69465000,5,22.0,22,chr11:69465000
sample1,15,88576000,5,40.0,41,chr15:88576000
sample1,19,41737000,5,30.0,42,chr19:41737000
sample1,19,49611000,5,18.0,18,chr19:49611000
sample1,19,49993000,5,19.0,19,chr19:49993000
sample1,2,42580000,5,32.0,38,chr2:42580000
sample1,2,43571000,5,19.0,34,chr2:43571000
sample1,20,57478000,5,24.0,29,chr20:57478000
sample1,3,128526000,5,18.0,24,chr3:128526000
sample1,6,117645000,5,21.0,26,chr6:117645000
sample1,7,140534000,5,42.0,42,chr7:140534000
sample1,8,38279000,5,28.0,29,chr8:38279000
sample1,8,38285000,5,20.0,32,chr8:38285000
sample1,MT,14000,5,17.0,19,chrMT:14000
sample1,1,154556000,4,39.5,45,chr1:154556000
sample1,10,43572000,4,19.5,21,chr10:43572000
sample1,10,123239000,4,20.0,23,chr10:123239000
sample1,10,123263000,4,15.0,15,chr10:123263000
sample1,10,123279000,4,17.0,21,chr10:123279000
sample1,11,12539000,4,23.0,23,chr11:12539000
sample1,12,49691000,4,19.5,20,chr12:49691000
sample1,12,89214000,4,19.0,19,chr12:89214000
sample1,14,102300000,4,19.0,19,chr14:102300000
sample1,14,105236000,4,27.0,27,chr14:105236000
sample1,14,105258000,4,32.0,38,chr14:105258000
sample1,17,80202000,4,26.0,26,chr17:80202000
sample1,18,43667000,4,18.0,18,chr18:43667000
sample1,19,893000,4,29.0,33,chr19:893000
sample1,19,13059000,4,18.0,18,chr19:13059000
sample1,19,29055000,4,16.0,16,chr19:29055000
sample1,19,59065000,4,30.5,34,chr19:59065000
sample1,20,57485000,4,18.5,25,chr20:57485000
sample1,3,12211000,4,31.0,31,chr3:12211000
sample1,3,41265000,4,25.5,34,chr3:41265000
sample1,3,96337000,4,29.0,29,chr3:96337000
sample1,3,180949000,4,28.5,32,chr3:180949000
sample1,4,1804000,4,26.5,37,chr4:1804000
sample1,4,89605000,4,28.5,33,chr4:89605000
sample1,7,32960000,4,27.0,27,chr7:32960000
sample1,7,140501000,4,23.5,42,chr7:140501000
sample1,8,32406000,4,22.0,24,chr8:32406000
sample1,8,38854000,4,29.0,29,chr8:38854000
sample1,9,135254000,4,21.5,23,chr9:135254000
sample1,GL000220.1,155000,4,26.0,33,chrGL000220.1:155000
sample1,MT,8000,4,22.0,24,chrMT:8000
sample1,X,2659000,4,18.0,18,chrX:2659000
sample1,X,140212000,4,29.0,33,chrX:140212000
sample1,1,156844000,3,16.0,20,chr1:156844000
sample1,1,162748000,3,22.0,22,chr1:162748000
sample1,10,43595000,3,16.0,20,chr10:43595000
sample1,10,123243000,3,36.0,44,chr10:123243000
sample1,11,532000,3,21.0,48,chr11:532000
sample1,12,52638000,3,23.0,23,chr12:52638000
sample1,14,50329000,3,21.0,21,chr14:50329000
sample1,15,90628000,3,30.0,43,chr15:90628000
sample1,19,39897000,3,16.0,16,chr19:39897000
sample1,2,43726000,3,18.0,24,chr2:43726000
sample1,2,43755000,3,38.0,50,chr2:43755000
sample1,20,57470000,3,32.0,44,chr20:57470000
sample1,21,39609000,3,15.0,15,chr21:39609000
sample1,3,12329000,3,18.0,18,chr3:12329000
sample1,3,12625000,3,31.0,44,chr3:12625000
sample1,3,15780000,3,21.0,21,chr3:15780000
sample1,3,128532000,3,32.0,36,chr3:128532000
sample1,3,178936000,3,26.0,29,chr3:178936000
sample1,5,131552000,3,16.0,16,chr5:131552000
sample1,6,117638000,3,21.0,25,chr6:117638000
sample1,7,2701000,3,28.0,28,chr7:2701000
sample1,7,116414000,3,19.0,20,chr7:116414000
sample1,7,116418000,3,21.0,23,chr7:116418000
sample1,7,116422000,3,22.0,22,chr7:116422000
sample1,7,140476000,3,26.0,28,chr7:140476000
sample1,8,32463000,3,15.0,15,chr8:32463000
sample1,8,38274000,3,20.0,33,chr8:38274000
sample1,8,38275000,3,36.0,38,chr8:38275000
sample1,8,38283000,3,21.0,24,chr8:38283000
sample1,1,3188000,2,18.0,19,chr1:3188000
sample1,1,8581000,2,17.0,17,chr1:8581000
sample1,1,8746000,2,18.0,18,chr1:8746000
sample1,1,43830000,2,20.0,20,chr1:43830000
sample1,1,56947000,2,20.0,20,chr1:56947000
sample1,1,67868000,2,18.0,18,chr1:67868000
sample1,1,93353000,2,19.0,19,chr1:93353000
sample1,1,114220000,2,16.0,16,chr1:114220000
sample1,1,120468000,2,19.5,20,chr1:120468000
sample1,1,120785000,2,20.0,20,chr1:120785000
sample1,1,143966000,2,20.0,20,chr1:143966000
sample1,1,156838000,2,18.0,20,chr1:156838000
sample1,1,180147000,2,18.0,18,chr1:180147000
sample1,1,205111000,2,18.0,18,chr1:205111000
sample1,1,206084000,2,20.0,20,chr1:206084000
sample1,10,43608000,2,15.5,16,chr10:43608000
sample1,10,43609000,2,29.5,38,chr10:43609000
sample1,10,43613000,2,28.0,28,chr10:43613000
sample1,10,70722000,2,17.0,17,chr10:70722000
sample1,10,91773000,2,19.0,19,chr10:91773000
sample1,10,123256000,2,36.0,36,chr10:123256000
sample1,10,123278000,2,39.5,40,chr10:123278000
sample1,11,535000,2,37.0,37,chr11:535000
sample1,11,747000,2,24.0,29,chr11:747000
sample1,11,1547000,2,20.0,20,chr11:1547000
sample1,11,12728000,2,18.0,18,chr11:12728000
sample1,11,69467000,2,23.5,24,chr11:69467000
sample1,11,69468000,2,24.0,24,chr11:69468000
sample1,11,131654000,2,27.0,32,chr11:131654000
sample1,12,6782000,2,20.0,20,chr12:6782000
sample1,12,13119000,2,19.0,19,chr12:13119000
sample1,12,57628000,2,18.0,18,chr12:57628000
sample1,12,108463000,2,18.0,18,chr12:108463000
sample1,12,124826000,2,18.0,18,chr12:124826000
sample1,13,33830000,2,21.0,21,chr13:33830000
sample1,13,96232000,2,24.0,24,chr13:96232000
sample1,13,114143000,2,18.0,18,chr13:114143000
sample1,14,37903000,2,18.0,18,chr14:37903000
sample1,14,58737000,2,20.0,20,chr14:58737000
sample1,14,61997000,2,18.0,18,chr14:61997000
sample1,14,105240000,2,19.0,19,chr14:105240000
sample1,14,105243000,2,31.0,42,chr14:105243000
sample1,14,105261000,2,24.0,24,chr14:105261000
sample1,15,35648000,2,20.0,20,chr15:35648000
sample1,15,66201000,2,20.0,20,chr15:66201000
sample1,15,88692000,2,20.0,20,chr15:88692000
sample1,15,89870000,2,20.0,20,chr15:89870000
sample1,15,90630000,2,16.0,16,chr15:90630000
sample1,15,90632000,2,26.5,38,chr15:90632000
sample1,15,90633000,2,27.0,27,chr15:90633000
sample1,16,16425000,2,20.0,20,chr16:16425000
sample1,16,27487000,2,19.5,20,chr16:27487000
sample1,16,89967000,2,26.0,26,chr16:89967000
sample1,17,27423000,2,28.0,28,chr17:27423000
sample1,17,27905000,2,20.0,20,chr17:27905000
sample1,17,37882000,2,31.0,31,chr17:37882000
sample1,17,54965000,2,23.0,23,chr17:54965000
sample1,17,75503000,2,15.0,15,chr17:75503000
sample1,19,3366000,2,23.5,28,chr19:3366000
sample1,19,9545000,2,20.0,20,chr19:9545000
sample1,19,17988000,2,18.0,18,chr19:17988000
sample1,19,40877000,2,20.0,20,chr19:40877000
sample1,19,41732000,2,23.0,23,chr19:41732000
sample1,19,45514000,2,17.0,17,chr19:45514000
sample1,19,49527000,2,17.5,19,chr19:49527000
sample1,19,49547000,2,17.5,19,chr19:49547000
sample1,2,11953000,2,18.5,19,chr2:11953000
sample1,2,29354000,2,33.0,38,chr2:29354000
sample1,2,29416000,2,26.0,26,chr2:29416000
sample1,2,29432000,2,16.5,17,chr2:29432000
sample1,2,29451000,2,20.0,20,chr2:29451000
sample1,2,43674000,2,24.5,27,chr2:43674000
sample1,2,69746000,2,24.0,24,chr2:69746000
sample1,2,74597000,2,23.0,23,chr2:74597000
sample1,2,133012000,2,27.0,27,chr2:133012000
sample1,2,134932000,2,17.0,18,chr2:134932000
sample1,2,136435000,2,18.0,18,chr2:136435000
sample1,2,173327000,2,20.0,20,chr2:173327000
sample1,2,175001000,2,17.0,17,chr2:175001000
sample1,2,201749000,2,18.0,18,chr2:201749000
sample1,2,232577000,2,22.0,22,chr2:232577000
sample1,20,47898000,2,20.0,20,chr20:47898000
sample1,20,57466000,2,26.0,30,chr20:57466000
sample1,20,57486000,2,16.0,16,chr20:57486000
sample1,21,33719000,2,20.0,20,chr21:33719000
sample1,22,19423000,2,38.0,38,chr22:19423000
sample1,22,50318000,2,23.0,23,chr22:50318000
sample1,3,12393000,2,15.0,15,chr3:12393000
sample1,3,12458000,2,37.5,44,chr3:12458000
sample1,3,12705000,2,31.0,31,chr3:12705000
sample1,3,23859000,2,29.0,29,chr3:23859000
sample1,3,183551000,2,17.0,17,chr3:183551000
sample1,3,196511000,2,17.0,17,chr3:196511000
sample1,4,1803000,2,27.0,33,chr4:1803000
sample1,4,7234000,2,18.5,20,chr4:7234000
sample1,4,143585000,2,15.0,15,chr4:143585000
sample1,5,122241000,2,15.0,15,chr5:122241000
sample1,5,124317000,2,18.0,18,chr5:124317000
sample1,5,167764000,2,21.5,22,chr5:167764000
sample1,6,21594000,2,24.0,32,chr6:21594000
sample1,6,27778000,2,21.0,21,chr6:27778000
sample1,6,108784000,2,19.0,19,chr6:108784000
sample1,6,113248000,2,16.0,16,chr6:113248000
sample1,6,138016000,2,19.0,19,chr6:138016000
sample1,6,151213000,2,18.0,19,chr6:151213000
sample1,6,159208000,2,19.0,19,chr6:159208000
sample1,7,2403000,2,18.0,18,chr7:2403000
sample1,7,5569000,2,40.0,40,chr7:5569000
sample1,7,55223000,2,15.0,15,chr7:55223000
sample1,7,55238000,2,39.0,39,chr7:55238000
sample1,7,55248000,2,24.0,27,chr7:55248000
sample1,7,55260000,2,20.0,20,chr7:55260000
sample1,7,55273000,2,25.0,25,chr7:55273000
sample1,7,75933000,2,21.0,21,chr7:75933000
sample1,7,99710000,2,18.0,18,chr7:99710000
sample1,7,116397000,2,31.0,31,chr7:116397000
sample1,7,116403000,2,16.0,16,chr7:116403000
sample1,7,140423000,2,29.5,32,chr7:140423000
sample1,7,140499000,2,24.5,30,chr7:140499000
sample1,7,143948000,2,17.0,17,chr7:143948000
sample1,7,143996000,2,17.0,17,chr7:143996000
sample1,8,29885000,2,16.0,16,chr8:29885000
sample1,8,38034000,2,24.0,24,chr8:38034000
sample1,8,38313000,2,29.0,29,chr8:38313000
sample1,8,38314000,2,29.0,29,chr8:38314000
sample1,8,94965000,2,17.0,17,chr8:94965000
sample1,8,128990000,2,19.0,19,chr8:128990000
sample1,8,129086000,2,20.0,20,chr8:129086000
sample1,8,144891000,2,18.0,18,chr8:144891000
sample1,9,35062000,2,23.0,23,chr9:35062000
sample1,9,35657000,2,20.0,20,chr9:35657000
sample1,9,36486000,2,20.0,20,chr9:36486000
sample1,9,79186000,2,20.5,21,chr9:79186000
sample1,9,87338000,2,24.5,32,chr9:87338000
sample1,9,111554000,2,40.0,42,chr9:111554000
sample1,9,135267000,2,15.5,16,chr9:135267000
sample1,MT,0,2,30.5,42,chrMT:0
sample1,X,10497000,2,16.0,16,chrX:10497000
sample1,X,46463000,2,15.0,15,chrX:46463000
sample1,X,74803000,2,20.0,23,chrX:74803000
sample1,X,78581000,2,17.0,17,chrX:78581000
sample1,X,108297000,2,20.0,20,chrX:108297000
sample1,1,17223000,1,18.0,18,chr1:17223000
sample1,1,50396000,1,17.0,17,chr1:50396000
sample1,1,115252000,1,17.0,17,chr1:115252000
sample1,1,162746000,1,19.0,19,chr1:162746000
sample1,1,180145000,1,18.0,18,chr1:180145000
sample1,1,229465000,1,19.0,19,chr1:229465000
sample1,10,3146000,1,20.0,20,chr10:3146000
sample1,10,43598000,1,23.0,23,chr10:43598000
sample1,10,71576000,1,18.0,18,chr10:71576000
sample1,10,123276000,1,18.0,18,chr10:123276000
sample1,11,810000,1,21.0,21,chr11:810000
sample1,11,18428000,1,26.0,26,chr11:18428000
sample1,11,47013000,1,19.0,19,chr11:47013000
sample1,11,68171000,1,26.0,26,chr11:68171000
sample1,11,69062000,1,26.0,26,chr11:69062000
sample1,11,69482000,1,26.0,26,chr11:69482000
sample1,11,94390000,1,16.0,16,chr11:94390000
sample1,12,6494000,1,18.0,18,chr12:6494000
sample1,12,13031000,1,19.0,19,chr12:13031000
sample1,12,25002000,1,28.0,28,chr12:25002000
sample1,12,25362000,1,20.0,20,chr12:25362000
sample1,12,25403000,1,15.0,15,chr12:25403000
sample1,12,51390000,1,17.0,17,chr12:51390000
sample1,12,52627000,1,51.0,51,chr12:52627000
sample1,12,52641000,1,16.0,16,chr12:52641000
sample1,12,52841000,1,15.0,15,chr12:52841000
sample1,12,54105000,1,18.0,18,chr12:54105000
sample1,13,110076000,1,43.0,43,chr13:110076000
sample1,13,110706000,1,20.0,20,chr13:110706000
sample1,14,21459000,1,15.0,15,chr14:21459000
sample1,14,105559000,1,36.0,36,chr14:105559000
sample1,15,32119000,1,20.0,20,chr15:32119000
sample1,15,56484000,1,18.0,18,chr15:56484000
sample1,15,66777000,1,15.0,15,chr15:66777000
sample1,15,74971000,1,20.0,20,chr15:74971000
sample1,15,77363000,1,31.0,31,chr15:77363000
sample1,15,88669000,1,20.0,20,chr15:88669000
sample1,16,88000,1,18.0,18,chr16:88000
sample1,16,11995000,1,18.0,18,chr16:11995000
sample1,16,21435000,1,33.0,33,chr16:21435000
sample1,16,21867000,1,33.0,33,chr16:21867000
sample1,16,22526000,1,33.0,33,chr16:22526000
sample1,16,25123000,1,17.0,17,chr16:25123000
sample1,16,72821000,1,32.0,32,chr16:72821000
sample1,17,42937000,1,22.0,22,chr17:42937000
sample1,18,57131000,1,17.0,17,chr18:57131000
sample1,19,1440000,1,21.0,21,chr19:1440000
sample1,19,2445000,1,23.0,23,chr19:2445000
sample1,19,3061000,1,28.0,28,chr19:3061000
sample1,19,3977000,1,20.0,20,chr19:3977000
sample1,19,8038000,1,21.0,21,chr19:8038000
sample1,19,19023000,1,16.0,16,chr19:19023000
sample1,19,34868000,1,29.0,29,chr19:34868000
sample1,19,41086000,1,21.0,21,chr19:41086000
sample1,19,42806000,1,27.0,27,chr19:42806000
sample1,19,58302000,1,29.0,29,chr19:58302000
sample1,19,58881000,1,19.0,19,chr19:58881000
sample1,2,10109000,1,20.0,20,chr2:10109000
sample1,2,29430000,1,26.0,26,chr2:29430000
sample1,2,36782000,1,38.0,38,chr2:36782000
sample1,2,43458000,1,24.0,24,chr2:43458000
sample1,2,43514000,1,42.0,42,chr2:43514000
sample1,2,43547000,1,19.0,19,chr2:43547000
sample1,2,43711000,1,15.0,15,chr2:43711000
sample1,2,43725000,1,19.0,19,chr2:43725000
sample1,2,43739000,1,35.0,35,chr2:43739000
sample1,2,43779000,1,32.0,32,chr2:43779000
sample1,2,43793000,1,41.0,41,chr2:43793000
sample1,2,43819000,1,29.0,29,chr2:43819000
sample1,2,75120000,1,17.0,17,chr2:75120000
sample1,2,128751000,1,18.0,18,chr2:128751000
sample1,2,136680000,1,17.0,17,chr2:136680000
sample1,2,207024000,1,20.0,20,chr2:207024000
sample1,2,211292000,1,20.0,20,chr2:211292000
sample1,2,220659000,1,27.0,27,chr2:220659000
sample1,20,30253000,1,21.0,21,chr20:30253000
sample1,20,56282000,1,26.0,26,chr20:56282000
sample1,20,57415000,1,22.0,22,chr20:57415000
sample1,20,57474000,1,16.0,16,chr20:57474000
sample1,21,45743000,1,20.0,20,chr21:45743000
sample1,3,12575000,1,18.0,18,chr3:12575000
sample1,3,12626000,1,28.0,28,chr3:12626000
sample1,3,12629000,1,23.0,23,chr3:12629000
sample1,3,12653000,1,33.0,33,chr3:12653000
sample1,3,41597000,1,19.0,19,chr3:41597000
sample1,3,48456000,1,28.0,28,chr3:48456000
sample1,3,107846000,1,27.0,27,chr3:107846000
sample1,3,177113000,1,19.0,19,chr3:177113000
sample1,3,178951000,1,29.0,29,chr3:178951000
sample1,4,1795000,1,29.0,29,chr4:1795000
sample1,4,1801000,1,20.0,20,chr4:1801000
sample1,5,122390000,1,26.0,26,chr5:122390000
sample1,5,137893000,1,18.0,18,chr5:137893000
sample1,5,149785000,1,24.0,24,chr5:149785000
sample1,6,3444000,1,18.0,18,chr6:3444000
sample1,6,26124000,1,20.0,20,chr6:26124000
sample1,6,27114000,1,19.0,19,chr6:27114000
sample1,6,27776000,1,20.0,20,chr6:27776000
sample1,6,27782000,1,20.0,20,chr6:27782000
sample1,6,27805000,1,20.0,20,chr6:27805000
sample1,6,34212000,1,19.0,19,chr6:34212000
sample1,6,74229000,1,16.0,16,chr6:74229000
sample1,6,105765000,1,20.0,20,chr6:105765000
sample1,6,166952000,1,20.0,20,chr6:166952000
sample1,7,30485000,1,18.0,18,chr7:30485000
sample1,7,32952000,1,40.0,40,chr7:32952000
sample1,7,32957000,1,27.0,27,chr7:32957000
sample1,7,35871000,1,19.0,19,chr7:35871000
sample1,7,40095000,1,19.0,19,chr7:40095000
sample1,7,55229000,1,28.0,28,chr7:55229000
sample1,7,55240000,1,30.0,30,chr7:55240000
sample1,7,55266000,1,37.0,37,chr7:55266000
sample1,7,63774000,1,38.0,38,chr7:63774000
sample1,7,73207000,1,21.0,21,chr7:73207000
sample1,7,75988000,1,27.0,27,chr7:75988000
sample1,7,77579000,1,19.0,19,chr7:77579000
sample1,7,116334000,1,22.0,22,chr7:116334000
sample1,7,140758000,1,17.0,17,chr7:140758000
sample1,7,148511000,1,19.0,19,chr7:148511000
sample1,8,32472000,1,20.0,20,chr8:32472000
sample1,8,38272000,1,26.0,26,chr8:38272000
sample1,8,38280000,1,16.0,16,chr8:38280000
sample1,8,38286000,1,35.0,35,chr8:38286000
sample1,8,38325000,1,33.0,33,chr8:38325000
sample1,8,54727000,1,19.0,19,chr8:54727000
sample1,8,54985000,1,19.0,19,chr8:54985000
sample1,8,109248000,1,20.0,20,chr8:109248000
sample1,8,128136000,1,37.0,37,chr8:128136000
sample1,8,128384000,1,17.0,17,chr8:128384000
sample1,8,128917000,1,19.0,19,chr8:128917000
sample1,8,130737000,1,40.0,40,chr8:130737000
sample1,9,69247000,1,19.0,19,chr9:69247000
sample1,9,114683000,1,32.0,32,chr9:114683000
sample1,9,135271000,1,25.0,25,chr9:135271000
sample1,9,135273000,1,24.0,24,chr9:135273000
sample1,9,135894000,1,16.0,16,chr9:135894000
sample1,GL000220.1,105000,1,21.0,21,chrGL000220.1:105000
sample1,GL000220.1,126000,1,28.0,28,chrGL000220.1:126000
sample1,GL000220.1,149000,1,21.0,21,chrGL000220.1:149000
sample1,GL000229.1,19000,1,21.0,21,chrGL000229.1:19000
sample1,MT,13000,1,39.0,39,chrMT:13000
sample1,X,30872000,1,15.0,15,chrX:30872000
sample1,X,153596000,1,35.0,35,chrX:153596000
sample2,1,205649000,2743,28.0,39,chr1:205649000
sample2,1,156844000,2556,26.0,44,chr1:156844000
sample2,4,1741000,2411,26.0,35,chr4:1741000
sample2,1,154142000,2410,26.0,45,chr1:154142000
sample2,GL000220.1,113000,1236,21.0,47,chrGL000220.1:113000
sample2,GL000220.1,157000,1224,21.0,47,chrGL000220.1:157000
sample2,GL000220.1,115000,1222,21.0,50,chrGL000220.1:115000
sample2,GL000220.1,159000,1177,21.0,50,chrGL000220.1:159000
sample2,GL000220.1,110000,1167,21.0,45,chrGL000220.1:110000
sample2,10,43609000,1101,19.0,27,chr10:43609000
sample2,7,55086000,1012,29.0,43,chr7:55086000
sample2,GL000220.1,158000,988,21.0,48,chrGL000220.1:158000
sample2,GL000220.1,114000,974,21.0,48,chrGL000220.1:114000
sample2,GL000220.1,109000,968,21.0,47,chrGL000220.1:109000
sample2,2,113992000,965,31.0,41,chr2:113992000
sample2,GL000220.1,154000,962,21.0,45,chrGL000220.1:154000
sample2,GL000220.1,112000,951,21.0,44,chrGL000220.1:112000
sample2,GL000220.1,156000,948,21.0,44,chrGL000220.1:156000
sample2,10,51582000,900,35.0,38,chr10:51582000
sample2,GL000220.1,117000,865,21.0,48,chrGL000220.1:117000
sample2,GL000220.1,153000,849,21.0,47,chrGL000220.1:153000
sample2,2,29446000,770,23.0,40,chr2:29446000
sample2,15,88483000,744,25.0,43,chr15:88483000
sample2,7,97991000,725,26.0,29,chr7:97991000
sample2,6,144508000,672,15.0,29,chr6:144508000
sample2,7,97984000,667,26.0,29,chr7:97984000
sample2,10,32306000,663,47.0,50,chr10:32306000
sample2,2,42522000,646,47.0,50,chr2:42522000
sample2,GL000220.1,161000,614,21.0,48,chrGL000220.1:161000
sample2,2,231437000,600,25.0,25,chr2:231437000
sample2,19,42012000,552,25.0,25,chr19:42012000
sample2,12,12022000,524,47.0,49,chr12:12022000
sample2,15,90631000,498,21.0,51,chr15:90631000
sample2,21,9827000,391,21.0,47,chr21:9827000
sample2,19,34890000,305,21.0,49,chr19:34890000
sample2,20,57484000,301,21.0,108,chr20:57484000
sample2,7,140481000,282,24.0,48,chr7:140481000
sample2,7,140494000,254,19.0,46,chr7:140494000
sample2,GL000220.1,160000,238,21.0,48,chrGL000220.1:160000
sample2,GL000220.1,116000,230,21.0,48,chrGL000220.1:116000
sample2,9,35059000,215,23.0,43,chr9:35059000
sample2,12,20704000,171,21.0,43,chr12:20704000
sample2,7,140482000,149,20.0,52,chr7:140482000
sample2,3,12641000,134,23.0,44,chr3:12641000
sample2,1,91852000,130,21.0,40,chr1:91852000
sample2,2,29445000,120,21.0,43,chr2:29445000
sample2,8,38271000,112,21.0,47,chr8:38271000
sample2,GL000220.1,118000,110,21.0,43,chrGL000220.1:118000
sample2,3,128525000,108,20.0,40,chr3:128525000
sample2,7,140477000,97,20.0,42,chr7:140477000
sample2,11,533000,89,18.0,41,chr11:533000
sample2,11,534000,89,21.0,45,chr11:534000
sample2,10,43612000,83,20.0,43,chr10:43612000
sample2,17,39038000,74,22.5,37,chr17:39038000
sample2,8,70602000,69,21.0,42,chr8:70602000
sample2,19,59063000,67,26.0,46,chr19:59063000
sample2,7,55087000,66,29.0,29,chr7:55087000
sample2,3,12421000,63,16.0,34,chr3:12421000
sample2,1,156100000,61,27.0,43,chr1:156100000
sample2,1,156845000,61,26.0,49,chr1:156845000
sample2,3,12645000,58,19.5,36,chr3:12645000
sample2,14,105246000,56,22.0,41,chr14:105246000
sample2,7,55223000,52,17.0,19,chr7:55223000
sample2,7,140500000,52,21.5,45,chr7:140500000
sample2,8,38277000,51,28.0,40,chr8:38277000
sample2,15,66727000,50,23.0,44,chr15:66727000
sample2,2,43625000,49,23.0,43,chr2:43625000
sample2,2,33141000,45,23.0,37,chr2:33141000
sample2,6,117642000,43,18.0,41,chr6:117642000
sample2,20,57478000,41,27.0,41,chr20:57478000
sample2,15,90633000,40,22.0,42,chr15:90633000
sample2,1,115258000,38,20.0,48,chr1:115258000
sample2,12,25398000,36,21.5,39,chr12:25398000
sample2,3,12650000,36,23.0,48,chr3:12650000
sample2,7,140487000,36,27.0,48,chr7:140487000
sample2,15,90630000,34,21.0,49,chr15:90630000
sample2,3,12632000,33,22.0,36,chr3:12632000
sample2,8,38279000,32,23.0,46,chr8:38279000
sample2,20,57480000,31,28.0,151,chr20:57480000
sample2,15,88476000,30,23.0,37,chr15:88476000
sample2,8,38275000,30,21.5,50,chr8:38275000
sample2,3,12647000,28,21.0,36,chr3:12647000
sample2,6,117645000,28,19.0,44,chr6:117645000
sample2,1,115256000,27,21.0,30,chr1:115256000
sample2,15,66729000,27,21.0,32,chr15:66729000
sample2,3,12633000,27,21.0,35,chr3:12633000
sample2,8,38315000,27,21.0,38,chr8:38315000
sample2,2,43655000,26,30.0,38,chr2:43655000
sample2,7,140476000,26,28.0,44,chr7:140476000
sample2,2,43712000,25,21.0,42,chr2:43712000
sample2,9,35057000,25,21.0,41,chr9:35057000
sample2,1,154130000,24,23.0,44,chr1:154130000
sample2,2,43547000,24,19.0,46,chr2:43547000
sample2,3,41266000,23,22.0,37,chr3:41266000
sample2,8,38273000,23,17.0,37,chr8:38273000
sample2,GL000220.1,111000,22,23.0,32,chrGL000220.1:111000
sample2,GL000220.1,155000,22,23.0,32,chrGL000220.1:155000
sample2,8,38285000,21,21.0,43,chr8:38285000
sample2,MT,1000,21,130.0,151,chrMT:1000
sample2,2,43725000,18,27.0,41,chr2:43725000
sample2,3,178952000,17,17.0,31,chr3:178952000
sample2,7,140507000,17,41.0,42,chr7:140507000
sample2,8,38314000,17,29.0,40,chr8:38314000
sample2,4,1808000,16,19.0,38,chr4:1808000
sample2,7,116417000,16,19.5,38,chr7:116417000
sample2,MT,2000,16,135.5,151,chrMT:2000
sample2,3,12447000,15,25.0,25,chr3:12447000
sample2,14,50053000,14,21.0,33,chr14:50053000
sample2,4,25665000,14,48.0,48,chr4:25665000
sample2,3,128516000,13,21.0,35,chr3:128516000
sample2,8,38283000,13,21.0,47,chr8:38283000
sample2,14,50329000,12,21.0,28,chr14:50329000
sample2,2,29443000,12,19.0,43,chr2:29443000
sample2,5,149784000,12,48.0,49,chr5:149784000
sample2,6,117641000,12,24.0,26,chr6:117641000
sample2,8,38282000,12,26.0,35,chr8:38282000
sample2,10,43613000,11,26.0,38,chr10:43613000
sample2,2,43571000,11,20.0,21,chr2:43571000
sample2,3,128532000,11,26.0,27,chr3:128532000
sample2,12,25380000,10,20.0,26,chr12:25380000
sample2,12,52639000,10,15.0,15,chr12:52639000
sample2,19,59065000,10,27.0,36,chr19:59065000
sample2,7,154845000,10,36.0,37,chr7:154845000
sample2,20,57485000,9,21.0,39,chr20:57485000
sample2,1,91853000,8,21.0,21,chr1:91853000
sample2,14,105243000,8,34.0,42,chr14:105243000
sample2,2,42515000,8,42.0,45,chr2:42515000
sample2,2,43732000,8,27.5,46,chr2:43732000
sample2,3,128444000,8,28.0,28,chr3:128444000
sample2,6,117647000,8,31.0,31,chr6:117647000
sample2,7,116395000,8,21.0,34,chr7:116395000
sample2,7,116411000,8,20.0,34,chr7:116411000
sample2,7,140501000,8,22.5,30,chr7:140501000
sample2,8,38274000,8,27.0,36,chr8:38274000
sample2,8,38325000,8,24.0,36,chr8:38325000
sample2,9,135273000,8,24.0,27,chr9:135273000
sample2,MT,0,8,139.0,151,chrMT:0
sample2,10,43610000,7,22.0,40,chr10:43610000
sample2,15,90632000,7,23.0,46,chr15:90632000
sample2,17,37880000,7,19.0,25,chr17:37880000
sample2,19,41758000,7,17.0,30,chr19:41758000
sample2,3,12653000,7,25.0,40,chr3:12653000
sample2,15,90628000,6,20.5,22,chr15:90628000
sample2,15,94001000,6,16.0,16,chr15:94001000
sample2,20,57470000,6,24.5,33,chr20:57470000
sample2,3,178936000,6,22.0,26,chr3:178936000
sample2,6,117639000,6,25.0,41,chr6:117639000
sample2,7,32960000,6,27.0,27,chr7:32960000
sample2,7,140508000,6,41.0,42,chr7:140508000
sample2,8,38272000,6,26.5,42,chr8:38272000
sample2,9,79186000,6,21.0,21,chr9:79186000
sample2,MT,3000,6,140.0,151,chrMT:3000
sample2,X,74803000,6,22.0,28,chrX:74803000
sample2,12,25403000,5,30.0,30,chr12:25403000
sample2,17,33478000,5,19.0,21,chr17:33478000
sample2,19,39897000,5,16.0,16,chr19:39897000
sample2,19,41736000,5,21.0,27,chr19:41736000
sample2,7,116415000,5,29.0,29,chr7:116415000
sample2,9,87342000,5,30.0,30,chr9:87342000
sample2,9,87366000,5,15.0,19,chr9:87366000
sample2,1,112185000,4,19.5,20,chr1:112185000
sample2,1,150195000,4,25.0,25,chr1:150195000
sample2,10,123353000,4,19.5,21,chr10:123353000
sample2,11,58364000,4,34.0,34,chr11:58364000
sample2,12,25378000,4,20.0,21,chr12:25378000
sample2,12,49416000,4,15.0,15,chr12:49416000
sample2,14,105258000,4,24.5,26,chr14:105258000
sample2,17,37881000,4,23.0,59,chr17:37881000
sample2,17,61794000,4,21.0,21,chr17:61794000
sample2,18,66344000,4,31.0,31,chr18:66344000
sample2,2,29448000,4,20.0,21,chr2:29448000
sample2,2,29551000,4,29.0,40,chr2:29551000
sample2,2,209110000,4,19.0,21,chr2:209110000
sample2,20,32674000,4,15.0,15,chr20:32674000
sample2,3,12422000,4,32.0,50,chr3:12422000
sample2,3,15780000,4,21.0,21,chr3:15780000
sample2,3,96812000,4,22.0,22,chr3:96812000
sample2,3,128514000,4,25.0,33,chr3:128514000
sample2,4,1807000,4,20.0,20,chr4:1807000
sample2,6,36075000,4,50.0,50,chr6:36075000
sample2,8,32463000,4,21.0,21,chr8:32463000
sample2,8,38287000,4,22.5,27,chr8:38287000
sample2,9,87317000,4,19.0,19,chr9:87317000
sample2,9,131451000,4,22.0,22,chr9:131451000
sample2,9,135248000,4,15.0,15,chr9:135248000
sample2,9,135254000,4,23.0,23,chr9:135254000
sample2,X,11529000,4,15.0,15,chrX:11529000
sample2,X,108297000,4,18.5,21,chrX:108297000
sample2,1,115252000,3,27.0,32,chr1:115252000
sample2,15,66735000,3,32.0,32,chr15:66735000
sample2,15,90634000,3,38.0,44,chr15:90634000
sample2,17,56409000,3,32.0,32,chr17:56409000
sample2,19,59062000,3,18.0,25,chr19:59062000
sample2,2,43458000,3,47.0,47,chr2:43458000
sample2,2,43520000,3,37.0,37,chr2:43520000
sample2,20,57466000,3,24.0,42,chr20:57466000
sample2,3,12448000,3,26.0,42,chr3:12448000
sample2,3,178951000,3,17.0,26,chr3:178951000
sample2,6,52860000,3,20.0,28,chr6:52860000
sample2,7,32957000,3,27.0,27,chr7:32957000
sample2,7,55241000,3,25.0,25,chr7:55241000
sample2,7,116409000,3,17.0,17,chr7:116409000
sample2,7,140483000,3,24.0,39,chr7:140483000
sample2,8,32462000,3,32.0,32,chr8:32462000
sample2,8,38286000,3,33.0,33,chr8:38286000
sample2,9,87475000,3,16.0,45,chr9:87475000
sample2,9,135271000,3,26.0,37,chr9:135271000
sample2,1,3725000,2,18.0,18,chr1:3725000
sample2,1,18207000,2,18.0,18,chr1:18207000
sample2,1,21486000,2,15.0,15,chr1:21486000
sample2,1,24652000,2,16.0,16,chr1:24652000
sample2,1,33109000,2,16.0,16,chr1:33109000
sample2,1,42223000,2,16.0,16,chr1:42223000
sample2,1,70602000,2,21.0,21,chr1:70602000
sample2,1,79901000,2,21.0,21,chr1:79901000
sample2,1,150330000,2,18.0,18,chr1:150330000
sample2,1,156834000,2,23.0,23,chr1:156834000
sample2,1,162748000,2,20.5,21,chr1:162748000
sample2,1,205634000,2,27.5,28,chr1:205634000
sample2,1,205719000,2,27.0,27,chr1:205719000
sample2,10,43311000,2,16.0,16,chr10:43311000
sample2,10,43600000,2,15.0,15,chr10:43600000
sample2,10,114559000,2,21.0,21,chr10:114559000
sample2,10,121083000,2,21.0,21,chr10:121083000
sample2,11,67203000,2,21.0,21,chr11:67203000
sample2,11,69457000,2,21.5,22,chr11:69457000
sample2,11,85195000,2,21.0,21,chr11:85195000
sample2,11,110858000,2,32.5,37,chr11:110858000
sample2,12,48536000,2,19.0,19,chr12:48536000
sample2,12,117461000,2,20.0,20,chr12:117461000
sample2,12,120554000,2,16.0,17,chr12:120554000
sample2,12,124008000,2,29.5,33,chr12:124008000
sample2,13,43728000,2,21.0,21,chr13:43728000
sample2,13,110076000,2,21.0,21,chr13:110076000
sample2,14,64475000,2,19.0,19,chr14:64475000
sample2,14,105241000,2,19.0,19,chr14:105241000
sample2,15,47803000,2,32.0,32,chr15:47803000
sample2,16,4440000,2,16.0,16,chr16:4440000
sample2,16,33964000,2,21.0,21,chr16:33964000
sample2,16,47091000,2,20.0,20,chr16:47091000
sample2,17,7126000,2,20.0,21,chr17:7126000
sample2,17,7411000,2,16.0,16,chr17:7411000
sample2,17,8160000,2,18.0,18,chr17:8160000
sample2,17,16067000,2,21.0,21,chr17:16067000
sample2,17,26910000,2,19.0,19,chr17:26910000
sample2,17,42397000,2,21.0,21,chr17:42397000
sample2,17,55459000,2,15.0,15,chr17:55459000
sample2,17,80559000,2,22.0,27,chr17:80559000
sample2,19,11553000,2,31.0,31,chr19:11553000
sample2,19,17991000,2,20.5,21,chr19:17991000
sample2,19,23233000,2,15.0,15,chr19:23233000
sample2,19,34887000,2,40.5,41,chr19:34887000
sample2,19,34891000,2,26.0,27,chr19:34891000
sample2,19,41765000,2,20.0,22,chr19:41765000
sample2,19,44791000,2,19.0,19,chr19:44791000
sample2,19,49611000,2,18.0,18,chr19:49611000
sample2,19,52769000,2,18.0,18,chr19:52769000
sample2,19,56657000,2,23.0,23,chr19:56657000
sample2,19,59013000,2,16.0,16,chr19:59013000
sample2,2,26032000,2,25.0,25,chr2:26032000
sample2,2,27572000,2,19.5,20,chr2:27572000
sample2,2,27720000,2,21.0,21,chr2:27720000
sample2,2,29432000,2,31.0,36,chr2:29432000
sample2,2,29450000,2,25.5,26,chr2:29450000
sample2,2,29498000,2,25.0,31,chr2:29498000
sample2,2,30178000,2,24.0,24,chr2:30178000
sample2,2,36369000,2,26.0,26,chr2:36369000
sample2,2,43506000,2,37.0,39,chr2:43506000
sample2,2,43797000,2,39.0,39,chr2:43797000
sample2,2,103522000,2,22.0,22,chr2:103522000
sample2,2,118766000,2,15.0,15,chr2:118766000
sample2,2,133012000,2,21.0,21,chr2:133012000
sample2,2,133038000,2,21.0,21,chr2:133038000
sample2,2,213881000,2,22.5,28,chr2:213881000
sample2,2,227912000,2,16.0,16,chr2:227912000
sample2,20,1925000,2,19.0,19,chr20:1925000
sample2,20,2637000,2,24.0,24,chr20:2637000
sample2,20,32500000,2,25.0,25,chr20:32500000
sample2,21,15497000,2,20.0,21,chr21:15497000
sample2,21,32890000,2,18.0,18,chr21:32890000
sample2,22,43089000,2,21.0,21,chr22:43089000
sample2,3,12420000,2,18.0,18,chr3:12420000
sample2,3,12660000,2,31.0,40,chr3:12660000
sample2,3,12881000,2,20.0,20,chr3:12881000
sample2,3,119812000,2,16.0,16,chr3:119812000
sample2,3,127323000,2,20.5,21,chr3:127323000
sample2,3,128526000,2,35.0,41,chr3:128526000
sample2,3,152091000,2,17.0,17,chr3:152091000
sample2,3,159887000,2,18.0,18,chr3:159887000
sample2,3,169985000,2,18.0,18,chr3:169985000
sample2,4,60304000,2,18.0,18,chr4:60304000
sample2,4,100401000,2,19.0,19,chr4:100401000
sample2,5,71146000,2,17.0,17,chr5:71146000
sample2,5,77790000,2,31.0,31,chr5:77790000
sample2,5,132358000,2,21.0,21,chr5:132358000
sample2,5,175811000,2,15.0,15,chr5:175811000
sample2,6,29857000,2,21.0,21,chr6:29857000
sample2,6,32738000,2,18.0,18,chr6:32738000
sample2,7,55666000,2,18.0,18,chr7:55666000
sample2,7,116435000,2,20.5,21,chr7:116435000
sample2,7,140499000,2,15.0,15,chr7:140499000
sample2,7,143919000,2,34.0,34,chr7:143919000
sample2,7,144025000,2,34.0,34,chr7:144025000
sample2,8,9179000,2,19.0,21,chr8:9179000
sample2,8,27230000,2,21.0,21,chr8:27230000
sample2,8,30242000,2,29.0,29,chr8:30242000
sample2,8,144873000,2,16.0,16,chr8:144873000
sample2,9,35058000,2,26.5,36,chr9:35058000
sample2,9,87338000,2,22.5,25,chr9:87338000
sample2,9,87359000,2,20.0,20,chr9:87359000
sample2,9,96127000,2,18.0,18,chr9:96127000
sample2,9,135266000,2,21.0,21,chr9:135266000
sample2,GL000220.1,101000,2,128.0,128,chrGL000220.1:101000
sample2,MT,5000,2,140.5,151,chrMT:5000
sample2,MT,7000,2,124.0,124,chrMT:7000
sample2,MT,12000,2,103.0,103,chrMT:12000
sample2,MT,14000,2,111.0,111,chrMT:14000
sample2,1,1992000,1,21.0,21,chr1:1992000
sample2,1,16840000,1,25.0,25,chr1:16840000
sample2,1,16993000,1,25.0,25,chr1:16993000
sample2,1,17067000,1,25.0,25,chr1:17067000
sample2,1,17222000,1,25.0,25,chr1:17222000
sample2,1,31532000,1,18.0,18,chr1:31532000
sample2,1,38581000,1,15.0,15,chr1:38581000
sample2,1,39687000,1,40.0,40,chr1:39687000
sample2,1,46735000,1,21.0,21,chr1:46735000
sample2,1,47446000,1,20.0,20,chr1:47446000
sample2,1,51057000,1,31.0,31,chr1:51057000
sample2,1,55223000,1,20.0,20,chr1:55223000
sample2,1,115250000,1,32.0,32,chr1:115250000
sample2,1,145969000,1,25.0,25,chr1:145969000
sample2,1,147511000,1,25.0,25,chr1:147511000
sample2,1,149224000,1,25.0,25,chr1:149224000
sample2,1,149814000,1,21.0,21,chr1:149814000
sample2,1,149822000,1,21.0,21,chr1:149822000
sample2,1,155145000,1,21.0,21,chr1:155145000
sample2,1,162746000,1,22.0,22,chr1:162746000
sample2,1,169914000,1,21.0,21,chr1:169914000
sample2,1,192051000,1,15.0,15,chr1:192051000
sample2,1,196157000,1,20.0,20,chr1:196157000
sample2,1,227192000,1,18.0,18,chr1:227192000
sample2,1,240721000,1,21.0,21,chr1:240721000
sample2,1,245936000,1,19.0,19,chr1:245936000
sample2,10,11112000,1,16.0,16,chr10:11112000
sample2,10,15114000,1,23.0,23,chr10:15114000
sample2,10,32304000,1,23.0,23,chr10:32304000
sample2,10,34963000,1,21.0,21,chr10:34963000
sample2,10,43595000,1,24.0,24,chr10:43595000
sample2,10,50018000,1,21.0,21,chr10:50018000
sample2,10,70856000,1,18.0,18,chr10:70856000
sample2,10,93608000,1,20.0,20,chr10:93608000
sample2,10,104157000,1,20.0,20,chr10:104157000
sample2,10,123263000,1,20.0,20,chr10:123263000
sample2,11,532000,1,30.0,30,chr11:532000
sample2,11,4015000,1,15.0,15,chr11:4015000
sample2,11,5717000,1,19.0,19,chr11:5717000
sample2,11,14990000,1,16.0,16,chr11:14990000
sample2,11,27607000,1,18.0,18,chr11:27607000
sample2,11,33233000,1,21.0,21,chr11:33233000
sample2,11,41564000,1,19.0,19,chr11:41564000
sample2,11,65211000,1,21.0,21,chr11:65211000
sample2,11,66493000,1,20.0,20,chr11:66493000
sample2,11,67261000,1,35.0,35,chr11:67261000
sample2,11,67765000,1,21.0,21,chr11:67765000
sample2,11,69455000,1,36.0,36,chr11:69455000
sample2,11,69456000,1,21.0,21,chr11:69456000
sample2,11,69462000,1,21.0,21,chr11:69462000
sample2,11,77051000,1,21.0,21,chr11:77051000
sample2,11,107712000,1,21.0,21,chr11:107712000
sample2,11,120741000,1,32.0,32,chr11:120741000
sample2,11,124833000,1,20.0,20,chr11:124833000
sample2,12,4385000,1,21.0,21,chr12:4385000
sample2,12,12023000,1,27.0,27,chr12:12023000
sample2,12,15095000,1,16.0,16,chr12:15095000
sample2,12,25362000,1,18.0,18,chr12:25362000
sample2,12,25460000,1,19.0,19,chr12:25460000
sample2,12,56120000,1,22.0,22,chr12:56120000
sample2,12,108757000,1,28.0,28,chr12:108757000
sample2,13,53041000,1,20.0,20,chr13:53041000
sample2,13,92629000,1,23.0,23,chr13:92629000
sample2,14,35015000,1,25.0,25,chr14:35015000
sample2,14,35025000,1,25.0,25,chr14:35025000
sample2,14,54871000,1,19.0,19,chr14:54871000
sample2,14,75601000,1,21.0,21,chr14:75601000
sample2,14,90178000,1,25.0,25,chr14:90178000
sample2,14,100752000,1,19.0,19,chr14:100752000
sample2,14,105261000,1,17.0,17,chr14:105261000
sample2,15,42608000,1,21.0,21,chr15:42608000
sample2,15,44061000,1,20.0,20,chr15:44061000
sample2,15,66803000,1,20.0,20,chr15:66803000
sample2,15,68050000,1,19.0,19,chr15:68050000
sample2,15,88472000,1,41.0,41,chr15:88472000
sample2,15,88669000,1,21.0,21,chr15:88669000
sample2,15,88727000,1,19.0,19,chr15:88727000
sample2,15,93554000,1,20.0,20,chr15:93554000
sample2,16,137000,1,21.0,21,chr16:137000
sample2,16,3589000,1,15.0,15,chr16:3589000
sample2,16,53067000,1,21.0,21,chr16:53067000
sample2,16,57398000,1,21.0,21,chr16:57398000
sample2,16,57608000,1,21.0,21,chr16:57608000
sample2,16,74507000,1,20.0,20,chr16:74507000
sample2,17,1303000,1,34.0,34,chr17:1303000
sample2,17,4593000,1,18.0,18,chr17:4593000
sample2,17,5278000,1,21.0,21,chr17:5278000
sample2,17,25974000,1,21.0,21,chr17:25974000
sample2,17,28087000,1,21.0,21,chr17:28087000
sample2,17,29294000,1,28.0,28,chr17:29294000
sample2,17,37838000,1,86.0,86,chr17:37838000
sample2,18,50021000,1,15.0,15,chr18:50021000
sample2,19,581000,1,17.0,17,chr19:581000
sample2,19,1411000,1,21.0,21,chr19:1411000
sample2,19,2046000,1,21.0,21,chr19:2046000
sample2,19,15350000,1,17.0,17,chr19:15350000
sample2,19,19832000,1,19.0,19,chr19:19832000
sample2,19,21492000,1,21.0,21,chr19:21492000
sample2,19,33256000,1,21.0,21,chr19:33256000
sample2,19,34884000,1,17.0,17,chr19:34884000
sample2,19,41762000,1,15.0,15,chr19:41762000
sample2,19,53089000,1,21.0,21,chr19:53089000
sample2,2,17790000,1,16.0,16,chr2:17790000
sample2,2,24580000,1,34.0,34,chr2:24580000
sample2,2,29550000,1,26.0,26,chr2:29550000
sample2,2,40058000,1,17.0,17,chr2:40058000
sample2,2,43459000,1,21.0,21,chr2:43459000
sample2,2,43560000,1,22.0,22,chr2:43560000
sample2,2,43624000,1,39.0,39,chr2:43624000
sample2,2,43711000,1,16.0,16,chr2:43711000
sample2,2,43735000,1,32.0,32,chr2:43735000
sample2,2,43779000,1,32.0,32,chr2:43779000
sample2,2,43819000,1,28.0,28,chr2:43819000
sample2,2,61257000,1,18.0,18,chr2:61257000
sample2,2,113993000,1,41.0,41,chr2:113993000
sample2,2,134592000,1,19.0,19,chr2:134592000
sample2,2,217364000,1,21.0,21,chr2:217364000
sample2,20,3850000,1,20.0,20,chr20:3850000
sample2,20,10277000,1,24.0,24,chr20:10277000
sample2,20,35833000,1,20.0,20,chr20:35833000
sample2,20,39794000,1,21.0,21,chr20:39794000
sample2,20,40476000,1,21.0,21,chr20:40476000
sample2,20,57475000,1,42.0,42,chr20:57475000
sample2,21,9826000,1,21.0,21,chr21:9826000
sample2,21,45749000,1,21.0,21,chr21:45749000
sample2,22,34391000,1,21.0,21,chr22:34391000
sample2,22,41919000,1,21.0,21,chr22:41919000
sample2,22,44563000,1,19.0,19,chr22:44563000
sample2,22,50187000,1,28.0,28,chr22:50187000
sample2,3,12329000,1,15.0,15,chr3:12329000
sample2,3,12353000,1,44.0,44,chr3:12353000
sample2,3,12434000,1,22.0,22,chr3:12434000
sample2,3,12687000,1,33.0,33,chr3:12687000
sample2,3,13033000,1,23.0,23,chr3:13033000
sample2,3,17783000,1,18.0,18,chr3:17783000
sample2,3,40499000,1,17.0,17,chr3:40499000
sample2,3,41241000,1,24.0,24,chr3:41241000
sample2,3,41265000,1,25.0,25,chr3:41265000
sample2,3,47173000,1,20.0,20,chr3:47173000
sample2,3,49139000,1,20.0,20,chr3:49139000
sample2,3,57921000,1,21.0,21,chr3:57921000
sample2,3,63709000,1,15.0,15,chr3:63709000
sample2,3,67582000,1,25.0,25,chr3:67582000
sample2,3,69172000,1,19.0,19,chr3:69172000
sample2,3,121553000,1,20.0,20,chr3:121553000
sample2,3,128517000,1,31.0,31,chr3:128517000
sample2,3,169482000,1,25.0,25,chr3:169482000
sample2,3,169881000,1,21.0,21,chr3:169881000
sample2,3,184045000,1,17.0,17,chr3:184045000
sample2,4,146000,1,21.0,21,chr4:146000
sample2,4,1746000,1,30.0,30,chr4:1746000
sample2,4,1803000,1,18.0,18,chr4:1803000
sample2,4,2914000,1,21.0,21,chr4:2914000
sample2,4,5282000,1,21.0,21,chr4:5282000
sample2,4,10612000,1,15.0,15,chr4:10612000
sample2,4,78005000,1,20.0,20,chr4:78005000
sample2,4,127192000,1,15.0,15,chr4:127192000
sample2,4,144468000,1,43.0,43,chr4:144468000
sample2,4,151885000,1,18.0,18,chr4:151885000
sample2,4,170187000,1,18.0,18,chr4:170187000
sample2,4,186132000,1,16.0,16,chr4:186132000
sample2,4,186263000,1,21.0,21,chr4:186263000
sample2,5,32334000,1,46.0,46,chr5:32334000
sample2,5,53902000,1,20.0,20,chr5:53902000
sample2,5,93024000,1,23.0,23,chr5:93024000
sample2,5,98765000,1,18.0,18,chr5:98765000
sample2,5,99671000,1,18.0,18,chr5:99671000
sample2,5,126393000,1,20.0,20,chr5:126393000
sample2,5,138281000,1,21.0,21,chr5:138281000
sample2,5,143572000,1,18.0,18,chr5:143572000
sample2,5,153771000,1,21.0,21,chr5:153771000
sample2,6,392000,1,21.0,21,chr6:392000
sample2,6,12149000,1,21.0,21,chr6:12149000
sample2,6,24936000,1,28.0,28,chr6:24936000
sample2,6,26104000,1,21.0,21,chr6:26104000
sample2,6,27776000,1,20.0,20,chr6:27776000
sample2,6,27782000,1,20.0,20,chr6:27782000
sample2,6,32080000,1,28.0,28,chr6:32080000
sample2,6,54635000,1,24.0,24,chr6:54635000
sample2,6,117730000,1,24.0,24,chr6:117730000
sample2,6,122049000,1,18.0,18,chr6:122049000
sample2,6,155595000,1,15.0,15,chr6:155595000
sample2,7,2701000,1,18.0,18,chr7:2701000
sample2,7,5566000,1,15.0,15,chr7:5566000
sample2,7,32969000,1,27.0,27,chr7:32969000
sample2,7,32973000,1,32.0,32,chr7:32973000
sample2,7,35208000,1,15.0,15,chr7:35208000
sample2,7,35924000,1,27.0,27,chr7:35924000
sample2,7,38854000,1,20.0,20,chr7:38854000
sample2,7,40430000,1,20.0,20,chr7:40430000
sample2,7,55249000,1,21.0,21,chr7:55249000
sample2,7,55259000,1,28.0,28,chr7:55259000
sample2,7,70794000,1,21.0,21,chr7:70794000
sample2,7,74536000,1,21.0,21,chr7:74536000
sample2,7,98956000,1,20.0,20,chr7:98956000
sample2,7,99036000,1,15.0,15,chr7:99036000
sample2,7,105741000,1,15.0,15,chr7:105741000
sample2,7,116339000,1,20.0,20,chr7:116339000
sample2,7,116394000,1,25.0,25,chr7:116394000
sample2,7,116418000,1,16.0,16,chr7:116418000
sample2,7,127484000,1,21.0,21,chr7:127484000
sample2,7,139257000,1,21.0,21,chr7:139257000
sample2,7,139370000,1,20.0,20,chr7:139370000
sample2,7,140478000,1,32.0,32,chr7:140478000
sample2,7,140534000,1,46.0,46,chr7:140534000
sample2,7,140549000,1,24.0,24,chr7:140549000
sample2,7,141136000,1,25.0,25,chr7:141136000
sample2,7,145673000,1,19.0,19,chr7:145673000
sample2,8,26489000,1,49.0,49,chr8:26489000
sample2,8,29885000,1,20.0,20,chr8:29885000
sample2,8,32453000,1,25.0,25,chr8:32453000
sample2,8,38269000,1,29.0,29,chr8:38269000
sample2,8,38270000,1,20.0,20,chr8:38270000
sample2,8,41480000,1,36.0,36,chr8:41480000
sample2,8,48553000,1,18.0,18,chr8:48553000
sample2,8,98656000,1,21.0,21,chr8:98656000
sample2,9,286000,1,21.0,21,chr9:286000
sample2,9,14737000,1,16.0,16,chr9:14737000
sample2,9,33111000,1,17.0,17,chr9:33111000
sample2,9,35068000,1,21.0,21,chr9:35068000
sample2,9,35657000,1,20.0,20,chr9:35657000
sample2,9,46023000,1,21.0,21,chr9:46023000
sample2,9,68413000,1,22.0,22,chr9:68413000
sample2,9,87482000,1,42.0,42,chr9:87482000
sample2,9,108469000,1,21.0,21,chr9:108469000
sample2,9,111314000,1,17.0,17,chr9:111314000
sample2,9,134288000,1,19.0,19,chr9:134288000
sample2,9,135261000,1,29.0,29,chr9:135261000
sample2,9,135267000,1,30.0,30,chr9:135267000
sample2,GL000220.1,105000,1,17.0,17,chrGL000220.1:105000
sample2,GL000220.1,107000,1,19.0,19,chrGL000220.1:107000
sample2,GL000220.1,145000,1,128.0,128,chrGL000220.1:145000
sample2,GL000220.1,149000,1,17.0,17,chrGL000220.1:149000
sample2,GL000220.1,151000,1,19.0,19,chrGL000220.1:151000
sample2,GL000237.1,9000,1,15.0,15,chrGL000237.1:9000
sample2,MT,8000,1,130.0,130,chrMT:8000
sample2,MT,15000,1,130.0,130,chrMT:15000
sample2,X,22041000,1,20.0,20,chrX:22041000
sample2,X,46459000,1,18.0,18,chrX:46459000
sample2,X,53566000,1,18.0,18,chrX:53566000
sample2,X,73224000,1,20.0,20,chrX:73224000
sample2,X,80503000,1,20.0,20,chrX:80503000
sample2,Y,2725000,1,36.0,36,chrY:2725000
sample3,11,69456000,2490,22.0,67,chr11:69456000
sample3,11,69457000,1519,21.0,66,chr11:69457000
sample3,GL000220.1,109000,1504,128.0,151,chrGL000220.1:109000
sample3,GL000220.1,153000,1390,127.0,151,chrGL000220.1:153000
sample3,19,41765000,1049,18.0,49,chr19:41765000
sample3,6,117650000,775,15.0,16,chr6:117650000
sample3,GL000220.1,117000,652,130.0,151,chrGL000220.1:117000
sample3,GL000220.1,113000,622,130.0,151,chrGL000220.1:113000
sample3,10,61665000,603,35.0,37,chr10:61665000
sample3,GL000220.1,110000,570,130.0,151,chrGL000220.1:110000
sample3,7,140500000,568,22.0,31,chr7:140500000
sample3,12,52636000,504,19.0,56,chr12:52636000
sample3,GL000220.1,154000,486,130.0,151,chrGL000220.1:154000
sample3,19,34890000,382,21.0,51,chr19:34890000
sample3,GL000220.1,114000,378,130.0,151,chrGL000220.1:114000
sample3,GL000220.1,115000,375,130.0,151,chrGL000220.1:115000
sample3,GL000220.1,112000,366,75.0,151,chrGL000220.1:112000
sample3,11,533000,279,17.0,40,chr11:533000
sample3,19,41758000,254,25.0,49,chr19:41758000
sample3,3,128525000,252,20.5,42,chr3:128525000
sample3,GL000220.1,161000,238,20.0,33,chrGL000220.1:161000
sample3,GL000220.1,157000,237,21.0,30,chrGL000220.1:157000
sample3,7,116312000,226,19.0,47,chr7:116312000
sample3,19,41754000,220,22.0,33,chr19:41754000
sample3,GL000220.1,158000,215,20.0,29,chrGL000220.1:158000
sample3,7,116335000,190,31.0,39,chr7:116335000
sample3,GL000220.1,159000,182,21.0,24,chrGL000220.1:159000
sample3,4,25665000,172,43.0,46,chr4:25665000
sample3,21,9827000,159,21.0,36,chr21:9827000
sample3,12,52629000,149,20.0,26,chr12:52629000
sample3,20,57484000,142,20.0,53,chr20:57484000
sample3,GL000220.1,116000,140,115.0,151,chrGL000220.1:116000
sample3,7,116380000,136,19.0,45,chr7:116380000
sample3,10,43613000,130,27.0,27,chr10:43613000
sample3,19,41762000,122,21.0,27,chr19:41762000
sample3,7,55242000,119,16.0,37,chr7:55242000
sample3,11,534000,115,20.0,26,chr11:534000
sample3,GL000220.1,118000,113,129.0,151,chrGL000220.1:118000
sample3,11,69458000,112,21.0,45,chr11:69458000
sample3,19,41763000,94,21.0,47,chr19:41763000
sample3,7,116411000,91,19.0,42,chr7:116411000
sample3,9,35059000,88,21.0,34,chr9:35059000
sample3,6,144508000,81,15.0,42,chr6:144508000
sample3,7,116340000,79,21.0,37,chr7:116340000
sample3,19,41745000,78,20.5,43,chr19:41745000
sample3,19,41727000,71,21.0,37,chr19:41727000
sample3,12,25398000,68,15.0,36,chr12:25398000
sample3,19,55623000,68,20.0,21,chr19:55623000
sample3,GL000220.1,156000,68,37.0,38,chrGL000220.1:156000
sample3,14,105246000,64,21.0,36,chr14:105246000
sample3,2,29445000,64,15.0,48,chr2:29445000
sample3,7,116415000,63,21.0,37,chr7:116415000
sample3,3,41266000,61,21.0,33,chr3:41266000
sample3,7,140508000,60,42.0,42,chr7:140508000
sample3,MT,2000,60,64.0,151,chrMT:2000
sample3,20,57485000,55,44.0,44,chr20:57485000
sample3,17,37880000,54,21.0,37,chr17:37880000
sample3,1,91852000,52,21.0,24,chr1:91852000
sample3,11,69462000,52,20.0,41,chr11:69462000
sample3,15,90631000,51,21.0,50,chr15:90631000
sample3,7,55241000,42,19.0,40,chr7:55241000
sample3,2,33141000,40,31.5,49,chr2:33141000
sample3,12,20704000,38,21.0,36,chr12:20704000
sample3,1,115258000,37,18.0,25,chr1:115258000
sample3,19,41744000,35,40.0,40,chr19:41744000
sample3,8,127569000,35,22.0,46,chr8:127569000
sample3,4,1808000,34,21.0,29,chr4:1808000
sample3,GL000220.1,160000,34,21.0,23,chrGL000220.1:160000
sample3,10,123239000,33,21.0,36,chr10:123239000
sample3,11,69465000,31,38.0,38,chr11:69465000
sample3,7,116371000,31,21.0,29,chr7:116371000
sample3,15,42511000,30,21.0,21,chr15:42511000
sample3,7,140481000,30,16.0,21,chr7:140481000
sample3,8,38271000,30,20.5,38,chr8:38271000
sample3,1,115256000,28,18.0,45,chr1:115256000
sample3,7,55249000,27,20.0,32,chr7:55249000
sample3,15,66729000,26,20.0,21,chr15:66729000
sample3,7,116381000,26,20.5,64,chr7:116381000
sample3,9,35057000,26,20.0,42,chr9:35057000
sample3,8,38277000,25,17.0,37,chr8:38277000
sample3,4,1806000,24,28.5,36,chr4:1806000
sample3,13,112951000,22,18.0,22,chr13:112951000
sample3,19,59063000,21,20.0,69,chr19:59063000
sample3,3,12650000,21,20.0,24,chr3:12650000
sample3,3,128516000,21,20.0,39,chr3:128516000
sample3,7,139301000,21,20.0,20,chr7:139301000
sample3,8,70602000,21,21.0,22,chr8:70602000
sample3,10,43615000,20,27.5,34,chr10:43615000
sample3,7,116417000,20,20.0,21,chr7:116417000
sample3,3,12645000,19,19.0,23,chr3:12645000
sample3,6,117642000,19,19.0,21,chr6:117642000
sample3,2,23682000,18,17.0,17,chr2:23682000
sample3,7,116435000,18,21.0,46,chr7:116435000
sample3,17,33478000,17,19.0,19,chr17:33478000
sample3,2,209110000,17,21.0,22,chr2:209110000
sample3,17,37881000,16,20.0,28,chr17:37881000
sample3,3,12641000,16,21.0,27,chr3:12641000
sample3,7,32960000,16,27.0,27,chr7:32960000
sample3,7,55221000,16,18.5,34,chr7:55221000
sample3,12,52639000,15,15.0,21,chr12:52639000
sample3,8,38279000,15,18.0,42,chr8:38279000
sample3,3,41265000,14,25.0,29,chr3:41265000
sample3,7,116339000,14,19.0,21,chr7:116339000
sample3,MT,3000,14,45.0,130,chrMT:3000
sample3,7,140482000,13,19.0,25,chr7:140482000
sample3,11,69455000,12,23.0,33,chr11:69455000
sample3,3,12633000,12,30.0,30,chr3:12633000
sample3,7,140494000,12,21.0,23,chr7:140494000
sample3,10,123310000,11,21.0,35,chr10:123310000
sample3,12,25380000,11,19.0,21,chr12:25380000
sample3,20,3194000,11,15.0,15,chr20:3194000
sample3,3,12434000,11,21.0,43,chr3:12434000
sample3,3,12647000,11,20.0,31,chr3:12647000
sample3,4,1805000,11,19.0,21,chr4:1805000
sample3,7,55220000,11,17.0,23,chr7:55220000
sample3,8,38273000,11,18.0,50,chr8:38273000
sample3,13,112947000,10,18.0,22,chr13:112947000
sample3,15,66727000,10,21.0,29,chr15:66727000
sample3,19,41726000,10,36.0,40,chr19:41726000
sample3,19,41736000,10,21.0,40,chr19:41736000
sample3,2,43625000,10,18.5,32,chr2:43625000
sample3,7,55259000,10,20.0,32,chr7:55259000
sample3,7,116412000,10,20.5,85,chr7:116412000
sample3,8,38283000,10,20.0,22,chr8:38283000
sample3,12,52635000,9,40.0,43,chr12:52635000
sample3,17,39036000,9,21.0,22,chr17:39036000
sample3,2,43547000,9,20.0,21,chr2:43547000
sample3,2,43712000,9,21.0,23,chr2:43712000
sample3,MT,0,9,130.0,151,chrMT:0
sample3,10,43612000,8,21.0,43,chr10:43612000
sample3,6,117641000,8,25.0,47,chr6:117641000
sample3,7,55248000,8,21.0,24,chr7:55248000
sample3,7,116364000,8,17.0,18,chr7:116364000
sample3,7,116409000,8,21.0,21,chr7:116409000
sample3,13,112938000,7,18.0,22,chr13:112938000
sample3,19,54006000,7,17.0,17,chr19:54006000
sample3,2,209109000,7,33.0,35,chr2:209109000
sample3,20,57478000,7,30.0,30,chr20:57478000
sample3,3,12447000,7,16.0,21,chr3:12447000
sample3,6,17097000,7,16.0,16,chr6:17097000
sample3,7,140487000,7,21.0,21,chr7:140487000
sample3,2,43725000,6,19.0,21,chr2:43725000
sample3,3,41241000,6,23.0,24,chr3:41241000
sample3,9,135271000,6,20.0,25,chr9:135271000
sample3,GL000220.1,107000,6,120.0,149,chrGL000220.1:107000
sample3,12,12227000,5,19.0,19,chr12:12227000
sample3,12,25378000,5,19.0,21,chr12:25378000
sample3,12,52632000,5,31.0,44,chr12:52632000
sample3,14,50053000,5,21.0,21,chr14:50053000
sample3,3,12632000,5,22.0,28,chr3:12632000
sample3,6,117639000,5,19.0,22,chr6:117639000
sample3,7,140477000,5,20.0,21,chr7:140477000
sample3,8,38285000,5,18.0,20,chr8:38285000
sample3,GL000220.1,150000,5,150.0,151,chrGL000220.1:150000
sample3,GL000220.1,151000,5,111.0,132,chrGL000220.1:151000
sample3,11,42650000,4,16.0,16,chr11:42650000
sample3,11,63314000,4,20.0,20,chr11:63314000
sample3,14,104158000,4,21.0,21,chr14:104158000
sample3,17,38146000,4,15.0,15,chr17:38146000
sample3,3,12353000,4,31.0,32,chr3:12353000
sample3,3,12386000,4,31.0,31,chr3:12386000
sample3,3,49314000,4,20.0,21,chr3:49314000
sample3,3,185655000,4,15.0,15,chr3:185655000
sample3,5,71146000,4,21.0,21,chr5:71146000
sample3,GL000220.1,106000,4,140.0,151,chrGL000220.1:106000
sample3,10,43609000,3,18.0,44,chr10:43609000
sample3,12,51390000,3,18.0,18,chr12:51390000
sample3,12,52631000,3,21.0,29,chr12:52631000
sample3,13,51311000,3,24.0,24,chr13:51311000
sample3,14,50329000,3,21.0,21,chr14:50329000
sample3,14,105259000,3,15.0,24,chr14:105259000
sample3,15,88524000,3,19.0,19,chr15:88524000
sample3,16,84481000,3,16.0,24,chr16:84481000
sample3,19,41748000,3,26.0,44,chr19:41748000
sample3,3,12421000,3,19.0,19,chr3:12421000
sample3,4,1807000,3,46.0,46,chr4:1807000
sample3,9,13129000,3,18.0,18,chr9:13129000
sample3,MT,1000,3,83.0,127,chrMT:1000
sample3,1,9787000,2,15.0,15,chr1:9787000
sample3,1,44063000,2,18.0,18,chr1:44063000
sample3,1,91853000,2,18.5,21,chr1:91853000
sample3,1,162746000,2,20.5,21,chr1:162746000
sample3,1,205688000,2,19.0,19,chr1:205688000
sample3,1,209795000,2,19.0,19,chr1:209795000
sample3,10,43572000,2,20.0,20,chr10:43572000
sample3,10,43607000,2,20.5,22,chr10:43607000
sample3,10,43614000,2,23.0,29,chr10:43614000
sample3,10,75554000,2,19.0,19,chr10:75554000
sample3,10,123263000,2,21.0,21,chr10:123263000
sample3,10,123357000,2,23.5,30,chr10:123357000
sample3,11,10530000,2,21.0,21,chr11:10530000
sample3,11,34340000,2,21.0,21,chr11:34340000
sample3,12,66451000,2,39.5,40,chr12:66451000
sample3,12,113603000,2,18.0,18,chr12:113603000
sample3,12,113823000,2,21.0,21,chr12:113823000
sample3,12,124826000,2,18.0,18,chr12:124826000
sample3,13,112962000,2,18.0,18,chr13:112962000
sample3,14,20811000,2,19.5,21,chr14:20811000
sample3,14,64921000,2,15.0,15,chr14:64921000
sample3,14,103806000,2,18.0,18,chr14:103806000
sample3,14,105241000,2,24.0,24,chr14:105241000
sample3,15,32961000,2,18.0,18,chr15:32961000
sample3,17,3846000,2,20.0,20,chr17:3846000
sample3,19,19701000,2,21.0,21,chr19:19701000
sample3,19,41749000,2,38.0,60,chr19:41749000
sample3,2,29432000,2,19.5,20,chr2:29432000
sample3,2,43520000,2,40.5,44,chr2:43520000
sample3,2,43655000,2,43.0,69,chr2:43655000
sample3,2,209112000,2,27.0,29,chr2:209112000
sample3,20,57480000,2,20.0,20,chr20:57480000
sample3,4,7770000,2,21.0,21,chr4:7770000
sample3,5,21635000,2,19.0,21,chr5:21635000
sample3,6,29913000,2,17.0,17,chr6:29913000
sample3,6,34213000,2,19.0,19,chr6:34213000
sample3,6,52860000,2,20.0,20,chr6:52860000
sample3,6,55377000,2,20.0,20,chr6:55377000
sample3,6,117645000,2,22.5,25,chr6:117645000
sample3,7,1484000,2,20.0,20,chr7:1484000
sample3,7,116423000,2,30.0,37,chr7:116423000
sample3,7,158760000,2,22.0,22,chr7:158760000
sample3,8,38275000,2,17.0,18,chr8:38275000
sample3,8,38315000,2,21.0,21,chr8:38315000
sample3,9,112150000,2,21.0,21,chr9:112150000
sample3,9,130315000,2,20.0,20,chr9:130315000
sample3,9,132585000,2,32.0,32,chr9:132585000
sample3,GL000220.1,111000,2,138.5,147,chrGL000220.1:111000
sample3,GL000220.1,123000,2,138.5,147,chrGL000220.1:123000
sample3,GL000220.1,132000,2,66.5,67,chrGL000220.1:132000
sample3,MT,6000,2,140.5,151,chrMT:6000
sample3,MT,9000,2,139.5,149,chrMT:9000
sample3,1,6292000,1,17.0,17,chr1:6292000
sample3,1,90526000,1,21.0,21,chr1:90526000
sample3,1,109642000,1,20.0,20,chr1:109642000
sample3,1,115252000,1,20.0,20,chr1:115252000
sample3,1,156090000,1,21.0,21,chr1:156090000
sample3,1,228284000,1,22.0,22,chr1:228284000
sample3,1,241559000,1,19.0,19,chr1:241559000
sample3,1,247822000,1,23.0,23,chr1:247822000
sample3,10,22055000,1,21.0,21,chr10:22055000
sample3,10,35625000,1,21.0,21,chr10:35625000
sample3,10,50758000,1,16.0,16,chr10:50758000
sample3,10,95115000,1,21.0,21,chr10:95115000
sample3,10,100202000,1,21.0,21,chr10:100202000
sample3,10,123243000,1,39.0,39,chr10:123243000
sample3,10,123324000,1,23.0,23,chr10:123324000
sample3,10,123353000,1,42.0,42,chr10:123353000
sample3,10,131506000,1,21.0,21,chr10:131506000
sample3,11,1024000,1,21.0,21,chr11:1024000
sample3,11,65272000,1,19.0,19,chr11:65272000
sample3,11,67200000,1,18.0,18,chr11:67200000
sample3,11,108675000,1,18.0,18,chr11:108675000
sample3,11,113579000,1,16.0,16,chr11:113579000
sample3,11,115153000,1,20.0,20,chr11:115153000
sample3,11,118590000,1,18.0,18,chr11:118590000
sample3,12,13067000,1,35.0,35,chr12:13067000
sample3,12,52590000,1,123.0,123,chr12:52590000
sample3,13,21557000,1,23.0,23,chr13:21557000
sample3,13,109920000,1,18.0,18,chr13:109920000
sample3,13,112954000,1,18.0,18,chr13:112954000
sample3,13,112956000,1,18.0,18,chr13:112956000
sample3,13,112960000,1,18.0,18,chr13:112960000
sample3,14,21729000,1,20.0,20,chr14:21729000
sample3,14,105258000,1,28.0,28,chr14:105258000
sample3,16,51135000,1,18.0,18,chr16:51135000
sample3,16,84216000,1,29.0,29,chr16:84216000
sample3,17,4445000,1,21.0,21,chr17:4445000
sample3,17,27047000,1,21.0,21,chr17:27047000
sample3,17,44415000,1,16.0,16,chr17:44415000
sample3,17,44633000,1,16.0,16,chr17:44633000
sample3,17,73890000,1,21.0,21,chr17:73890000
sample3,17,75487000,1,22.0,22,chr17:75487000
sample3,18,63352000,1,21.0,21,chr18:63352000
sample3,19,1821000,1,21.0,21,chr19:1821000
sample3,19,39440000,1,21.0,21,chr19:39440000
sample3,19,41743000,1,15.0,15,chr19:41743000
sample3,19,42365000,1,17.0,17,chr19:42365000
sample3,19,46227000,1,21.0,21,chr19:46227000
sample3,2,29420000,1,19.0,19,chr2:29420000
sample3,2,29430000,1,47.0,47,chr2:29430000
sample3,2,29443000,1,19.0,19,chr2:29443000
sample3,2,43571000,1,21.0,21,chr2:43571000
sample3,2,65376000,1,18.0,18,chr2:65376000
sample3,2,142356000,1,17.0,17,chr2:142356000
sample3,2,177831000,1,19.0,19,chr2:177831000
sample3,20,1370000,1,18.0,18,chr20:1370000
sample3,21,30991000,1,19.0,19,chr21:30991000
sample3,22,36747000,1,16.0,16,chr22:36747000
sample3,3,12329000,1,21.0,21,chr3:12329000
sample3,3,12475000,1,38.0,38,chr3:12475000
sample3,3,15780000,1,21.0,21,chr3:15780000
sample3,3,128526000,1,17.0,17,chr3:128526000
sample3,3,187098000,1,16.0,16,chr3:187098000
sample3,4,1801000,1,35.0,35,chr4:1801000
sample3,4,25664000,1,19.0,19,chr4:25664000
sample3,5,14595000,1,21.0,21,chr5:14595000
sample3,5,135049000,1,20.0,20,chr5:135049000
sample3,5,136324000,1,18.0,18,chr5:136324000
sample3,5,154334000,1,20.0,20,chr5:154334000
sample3,6,21595000,1,16.0,16,chr6:21595000
sample3,6,26123000,1,21.0,21,chr6:26123000
sample3,6,31612000,1,16.0,16,chr6:31612000
sample3,6,117638000,1,21.0,21,chr6:117638000
sample3,6,117658000,1,20.0,20,chr6:117658000
sample3,7,55240000,1,16.0,16,chr7:55240000
sample3,7,56148000,1,21.0,21,chr7:56148000
sample3,7,116403000,1,30.0,30,chr7:116403000
sample3,7,119229000,1,20.0,20,chr7:119229000
sample3,7,134424000,1,16.0,16,chr7:134424000
sample3,7,140453000,1,16.0,16,chr7:140453000
sample3,7,140501000,1,19.0,19,chr7:140501000
sample3,8,32453000,1,20.0,20,chr8:32453000
sample3,8,97068000,1,19.0,19,chr8:97068000
sample3,9,9442000,1,21.0,21,chr9:9442000
sample3,9,35657000,1,21.0,21,chr9:35657000
sample3,9,87482000,1,20.0,20,chr9:87482000
sample3,9,100745000,1,16.0,16,chr9:100745000
sample3,9,135273000,1,20.0,20,chr9:135273000
sample3,GL000220.1,128000,1,64.0,64,chrGL000220.1:128000
sample3,GL000220.1,155000,1,20.0,20,chrGL000220.1:155000
